{
	"version": "4.3",
	"wishPhase": 1,
	"storageVersion": "4.3.1",
	"allPatch": [
		1.0, 1.1, 1.2, 1.3, 1.4, 1.5, 1.6, 2.0, 2.1, 2.2, 2.3, 2.4, 2.5, 2.6, 2.7, 2.8, 3.0, 3.1, 3.2,
		3.3, 3.4, 3.5, 3.6, 3.7, 3.8, 4.0, 4.1, 4.2, 4.3
	],
	"initialAmount": {
		"primogem": 8000,
		"fates": 25,
		"genesis": 0,
		"shareReward": 16000
	},
	"welkinReward": {
		"primogem": 8000,
		"genesis": 32000
	},
	"probabilityRates": {
		"character-event": {
			"baseRate5": 0.6,
			"max5": 90,
			"hard5": 74,
			"baseRate4": 5.1,
			"max4": 10,
			"hard4": 9,
			"winRate": 50,
			"charRate": 50
		},
		"weapon-event": {
			"baseRate5": 0.7,
			"max5": 80,
			"hard5": 63,
			"baseRate4": 6.6,
			"max4": 10,
			"hard4": 9,
			"winRate": 75,
			"charRate": 50,
			"selectedRate": 50
		},
		"standard": {
			"baseRate5": 0.6,
			"max5": 90,
			"hard5": 74,
			"baseRate4": 5.1,
			"max4": 10,
			"hard4": 9,
			"charRate": 50
		}
	}
}
