{
	"patch": 1.1,
	"data": [
		{
			"phase": 1,
			"banners": {
				"standardVersion": 1,
				"events": {
					"featured": [
						{
							"bannerName": "farewell-of-snezhnaya-1",
							"character": "tartaglia",
							"textOffset": { "l": 44.5, "b": 11 }
						}
					],
					"rateup": ["beidou", "ningguang", "diona"]
				},
				"weapons": {
					"bannerName": "epitome-invocation-3",
					"fatepointsystem": false,
					"featured": [{ "name": "skyward-harp" }, { "name": "memory-of-dust" }],
					"rateup": ["rust", "favonius-lance", "rainslasher", "the-flute", "eye-of-perception"],
					"textOffset": {
						"featured": { "l": 41, "t": 76 },
						"rateup": { "l": 76.5, "b": 19 }
					}
				}
			}
		},
		{
			"phase": 2,
			"banners": {
				"standardVersion": 1,
				"events": {
					"featured": [
						{
							"bannerName": "gentry-of-hermitage-1",
							"character": "zhongli",
							"textOffset": { "l": 52 }
						}
					],
					"rateup": ["razor", "xinyan", "chongyun"]
				},
				"weapons": {
					"bannerName": "epitome-invocation-4",
					"fatepointsystem": false,
					"featured": [{ "name": "vortex-vanquisher" }, { "name": "the-unforged" }],
					"rateup": [
						"favonius-warbow",
						"the-bell",
						"favonius-codex",
						"dragon_s-bane",
						"lion_s-roar"
					],
					"textOffset": {
						"featured": { "l": 41.5, "t": 75 },
						"rateup": { "l": 77, "b": 17 }
					}
				}
			}
		}
	]
}
