{
	"patch": 1.3,
	"data": [
		{
			"phase": 1,
			"banners": {
				"standardVersion": 2,
				"events": {
					"featured": [
						{
							"bannerName": "invitation-to-mundane-life-1",
							"character": "xiao",
							"textOffset": { "l": 57.5, "b": 5 }
						}
					],
					"rateup": ["xinyan", "beidou", "diona"]
				},
				"weapons": {
					"bannerName": "epitome-invocation-7",
					"fatepointsystem": false,
					"featured": [
						{ "name": "primordial-jade-winged-spear" },
						{ "name": "primordial-jade-cutter" }
					],
					"rateup": [
						"rust",
						"the-flute",
						"favonius-lance",
						"sacrificial-greatsword",
						"eye-of-perception"
					],
					"textOffset": {
						"featured": { "l": 44.5, "t": 72 },
						"rateup": { "l": 73.5, "b": 16 }
					}
				}
			}
		},
		{
			"phase": 2,
			"banners": {
				"standardVersion": 2,
				"events": {
					"featured": [
						{
							"bannerName": "dance-of-lantern-1",
							"character": "keqing",
							"textOffset": { "l": 57.5, "b": 4.5 }
						}
					],
					"rateup": ["barbara", "bennett", "ningguang"]
				},
				"weapons": {
					"bannerName": "epitome-invocation-8",
					"fatepointsystem": false,
					"featured": [
						{
							"name": "wolf_s-gravestone",
							"buttonPosition": { "l": 35 }
						},
						{ "name": "staff-of-homa" }
					],
					"rateup": [
						"lion_s-roar",
						"lithic-blade",
						"lithic-spear",
						"sacrificial-bow",
						"the-widsith"
					],
					"textOffset": {
						"featured": { "l": 45, "t": 77 },
						"rateup": { "l": 75, "b": 14 }
					}
				}
			}
		},
		{
			"phase": 3,
			"banners": {
				"standardVersion": 2,
				"events": {
					"featured": [
						{
							"bannerName": "moment-of-bloom-1",
							"character": "hu-tao",
							"textOffset": { "l": 57.5, "b": 4.5 }
						}
					],
					"rateup": ["xiangling", "chongyun", "xingqiu"]
				},
				"weapons": {
					"bannerName": "epitome-invocation-8",
					"fatepointsystem": false,
					"featured": [
						{
							"name": "wolf_s-gravestone",
							"buttonPosition": { "l": 35 }
						},
						{ "name": "staff-of-homa" }
					],
					"rateup": [
						"lion_s-roar",
						"lithic-blade",
						"lithic-spear",
						"sacrificial-bow",
						"the-widsith"
					],
					"textOffset": {
						"featured": { "l": 45, "t": 77 },
						"rateup": { "l": 75, "b": 14 }
					}
				}
			}
		}
	]
}
