{
	"patch": 1.5,
	"data": [
		{
			"phase": 1,
			"banners": {
				"standardVersion": 2,
				"events": {
					"featured": [
						{
							"bannerName": "gentry-of-hermitage-2",
							"character": "zhongli"
						}
					],
					"rateup": ["yanfei", "noelle", "diona"]
				},
				"weapons": {
					"bannerName": "epitome-invocation-11",
					"fatepointsystem": false,
					"featured": [{ "name": "summit-shaper" }, { "name": "memory-of-dust" }],
					"rateup": [
						"sacrificial-bow",
						"eye-of-perception",
						"lithic-blade",
						"lithic-spear",
						"the-flute"
					],
					"textOffset": {
						"featured": { "l": 43, "t": 71 },
						"rateup": { "l": 75, "b": 18 }
					}
				}
			}
		},
		{
			"phase": 2,
			"banners": {
				"standardVersion": 2,
				"events": {
					"featured": [
						{
							"bannerName": "born-of-ocean-swell-1",
							"character": "eula"
						}
					],
					"rateup": ["beidou", "xinyan", "xingqiu"]
				},
				"weapons": {
					"bannerName": "epitome-invocation-12",
					"fatepointsystem": false,
					"featured": [{ "name": "song-of-broken-pines" }, { "name": "aquila-favonia" }],
					"rateup": [
						"sacrificial-sword",
						"rust",
						"sacrificial-fragments",
						"rainslasher",
						"dragon_s-bane"
					],
					"textOffset": {
						"featured": { "l": 39.5, "t": 71 },
						"rateup": { "l": 71, "b": 19 }
					}
				}
			}
		}
	]
}
