{
	"patch": 2.5,
	"data": [
		{
			"phase": 1,
			"banners": {
				"standardVersion": 2,
				"events": {
					"featured": [
						{
							"bannerName": "everbloom-violet-1",
							"character": "yae-miko",
							"textOffset": { "l": 61, "b": 12 }
						}
					],
					"rateup": ["thoma", "diona", "fischl"]
				},
				"weapons": {
					"bannerName": "epitome-invocation-25",
					"fatepointsystem": true,
					"featured": [{ "name": "kagura_s-verity" }, { "name": "primordial-jade-cutter" }],
					"rateup": [
						"rainslasher",
						"eye-of-perception",
						"the-stringless",
						"wavebreaker_s-fin",
						"sacrificial-sword"
					],
					"textOffset": {
						"featured": { "w": 31, "l": 35, "t": 68 },
						"rateup": { "b": 23 }
					}
				}
			}
		},
		{
			"phase": 2,
			"banners": {
				"standardVersion": 2,
				"events": {
					"featured": [
						{
							"bannerName": "reign-of-serenity-2",
							"character": "raiden-shogun",
							"textOffset": { "l": 61.5, "b": 13 }
						},
						{
							"bannerName": "drifting-luminescence-2",
							"character": "sangonomiya-kokomi",
							"textOffset": { "l": 51, "b": 8, "w": 23 }
						}
					],
					"rateup": ["bennett", "kujou-sara", "xinyan"]
				},
				"weapons": {
					"bannerName": "epitome-invocation-26",
					"fatepointsystem": true,
					"featured": [{ "name": "engulfing-lightning" }, { "name": "everlasting-moonglow" }],
					"rateup": [
						"akuoumaru",
						"favonius-lance",
						"lion_s-roar",
						"mouun_s-moon",
						"sacrificial-fragments"
					],
					"textOffset": {
						"featured": { "w": 34, "l": 35.5, "t": 67.5 },
						"rateup": { "l": 74.5, "b": 23 }
					}
				}
			}
		}
	]
}
