{
	"patch": 2.6,
	"data": [
		{
			"phase": 1,
			"banners": {
				"standardVersion": 2,
				"events": {
					"featured": [
						{
							"bannerName": "azure-excursion-1",
							"character": "kamisato-ayato",
							"textOffset": { "l": 48, "b": 11 }
						},
						{
							"bannerName": "ballad-in-goblets-3",
							"character": "venti",
							"textOffset": { "l": 53.5, "b": 11 }
						}
					],
					"rateup": ["sucrose", "xiangling", "yun-jin"]
				},
				"weapons": {
					"bannerName": "epitome-invocation-27",
					"fatepointsystem": true,
					"featured": [{ "name": "elegy-for-the-end" }, { "name": "haran-geppaku-futsu" }],
					"rateup": ["the-flute", "rust", "dragon_s-bane", "the-widsith", "sacrificial-greatsword"],
					"textOffset": {
						"featured": { "w": 33, "l": 39.5, "t": 67 },
						"rateup": { "l": 79 }
					}
				}
			}
		},
		{
			"phase": 2,
			"banners": {
				"standardVersion": 2,
				"events": {
					"featured": [
						{
							"bannerName": "the-heron_s-court-2",
							"character": "kamisato-ayaka",
							"textOffset": { "l": 44, "b": 10, "w": 32 }
						}
					],
					"rateup": ["razor", "rosaria", "sayu"]
				},
				"weapons": {
					"bannerName": "epitome-invocation-28",
					"fatepointsystem": true,
					"featured": [{ "name": "mistsplitter-reforged" }, { "name": "the-unforged" }],
					"rateup": [
						"favonius-codex",
						"favonius-lance",
						"favonius-warbow",
						"favonius-sword",
						"the-bell"
					],
					"textOffset": {
						"featured": { "w": 32, "l": 39, "t": 67 },
						"rateup": { "l": 76.5 }
					}
				}
			}
		}
	]
}
