{
	"patch": 2.7,
	"data": [
		{
			"phase": 1,
			"banners": {
				"standardVersion": 2,
				"events": {
					"featured": [
						{
							"bannerName": "discerner-of-enigmas-1",
							"character": "yelan",
							"textOffset": { "l": 49, "b": 11 }
						},
						{
							"bannerName": "invitation-to-mundane-life-3",
							"character": "xiao",
							"textOffset": { "l": 49, "b": 11 }
						}
					],
					"rateup": ["yanfei", "barbara", "noelle"]
				},
				"weapons": {
					"bannerName": "epitome-invocation-29",
					"fatepointsystem": true,
					"featured": [
						{ "name": "aqua-simulacra" },
						{
							"name": "primordial-jade-winged-spear",
							"buttonPosition": { "l": 60 }
						}
					],
					"rateup": [
						"lithic-spear",
						"sacrificial-bow",
						"sacrificial-sword",
						"eye-of-perception",
						"favonius-greatsword"
					],
					"textOffset": {
						"featured": { "l": 44, "t": 68 },
						"rateup": { "l": 76, "b": 22 }
					}
				}
			}
		},
		{
			"phase": 2,
			"banners": {
				"standardVersion": 2,
				"events": {
					"featured": [
						{
							"bannerName": "oni_s-royale-2",
							"character": "arataki-itto",
							"textOffset": { "w": 30, "l": 49, "b": 11 }
						}
					],
					"rateup": ["kuki-shinobu", "chongyun", "gorou"]
				},
				"weapons": {
					"bannerName": "epitome-invocation-30",
					"fatepointsystem": true,
					"featured": [
						{ "name": "redhorn-stonethresher" },
						{ "name": "memory-of-dust", "buttonPosition": { "l": 35 } }
					],
					"rateup": [
						"lithic-blade",
						"the-stringless",
						"sacrificial-fragments",
						"dragon_s-bane",
						"lion_s-roar"
					],
					"textOffset": {
						"featured": { "w": 28, "l": 41.5, "t": 67.5 },
						"rateup": { "l": 76, "b": 22 }
					}
				}
			}
		}
	]
}
