{
	"patch": 2.8,
	"data": [
		{
			"phase": 1,
			"banners": {
				"standardVersion": 2,
				"events": {
					"featured": [
						{
							"bannerName": "leaves-in-the-wind-2",
							"character": "kaedehara-kazuha"
						},
						{
							"bannerName": "sparkling-steps-3",
							"character": "klee"
						}
					],
					"rateup": ["shikanoin-heizou", "thoma", "ningguang"]
				},
				"weapons": {
					"bannerName": "epitome-invocation-31",
					"fatepointsystem": true,
					"featured": [
						{ "name": "freedom-sworn" },
						{
							"name": "lost-prayer-to-the-sacred-winds",
							"buttonPosition": { "l": 65 }
						}
					],
					"rateup": [
						"the-alley-flash",
						"mitternachts-waltz",
						"the-widsith",
						"favonius-lance",
						"rainslasher"
					]
				}
			}
		},
		{
			"phase": 2,
			"banners": {
				"standardVersion": 2,
				"events": {
					"featured": [
						{
							"bannerName": "tapestry-of-golden-flames-2",
							"character": "yoimiya",
							"textOffset": { "l": 50 }
						}
					],
					"rateup": ["bennett", "xinyan", "yun-jin"]
				},
				"weapons": {
					"bannerName": "epitome-invocation-32",
					"fatepointsystem": true,
					"featured": [
						{ "name": "thundering-pulse" },
						{ "name": "summit-shaper", "buttonPosition": { "l": 60 } }
					],
					"rateup": [
						"wine-and-song",
						"alley-hunter",
						"the-flute",
						"sacrificial-greatsword",
						"dragon_s-bane"
					],
					"textOffset": {
						"featured": { "l": 35, "t": 68 },
						"rateup": { "l": 70, "b": 22 }
					}
				}
			}
		}
	]
}
