{
	"patch": 3.1,
	"data": [
		{
			"phase": 1,
			"banners": {
				"standardVersion": 3,
				"events": {
					"featured": [
						{
							"bannerName": "twilight-arbiter-1",
							"character": "cyno",
							"textOffset": { "l": 55, "b": 10 }
						},
						{
							"bannerName": "ballad-in-goblets-4",
							"character": "venti",
							"textOffset": { "l": 55, "b": 10.5 }
						}
					],

					"rateup": ["candace", "kuki-shinobu", "sayu"]
				},
				"weapons": {
					"bannerName": "epitome-invocation-35",
					"fatepointsystem": true,
					"featured": [{ "name": "elegy-for-the-end" }, { "name": "staff-of-the-scarlet-sands" }],
					"rateup": [
						"makhaira-aquamarine",
						"lion_s-roar",
						"sacrificial-fragments",
						"favonius-lance",
						"favonius-warbow"
					],
					"textOffset": {
						"featured": { "l": 41, "t": 66, "w": 30 },
						"rateup": { "l": 73.5, "b": 17, "w": 20 }
					}
				}
			}
		},
		{
			"phase": 2,
			"banners": {
				"standardVersion": 3,
				"events": {
					"featured": [
						{
							"bannerName": "twirling-lotus-1",
							"character": "nilou",
							"textOffset": { "l": 55, "b": 10 }
						},
						{
							"bannerName": "secretum-secretorum-3",
							"character": "albedo",
							"textOffset": { "l": 55, "b": 10.5 }
						}
					],

					"rateup": ["beidou", "barbara", "xiangling"]
				},
				"weapons": {
					"bannerName": "epitome-invocation-36",
					"fatepointsystem": true,
					"featured": [{ "name": "key-of-khaj-nisut" }, { "name": "primordial-jade-cutter" }],
					"rateup": [
						"xiphos-moonlight",
						"dragon_s-bane",
						"sacrificial-bow",
						"rainslasher",
						"wandering-evenstar"
					],
					"textOffset": {
						"featured": { "l": 41, "t": 66 },
						"rateup": { "l": 73.5, "b": 17, "w": 20 }
					}
				}
			}
		}
	]
}
