{
	"patch": 3.3,
	"data": [
		{
			"phase": 1,
			"banners": {
				"standardVersion": 3,
				"events": {
					"featured": [
						{
							"bannerName": "from-ashes-reborn-1",
							"character": "wanderer",
							"textOffset": { "l": 58.5, "b": 10.5 }
						},
						{
							"bannerName": "oni_s-royale-3",
							"character": "arataki-itto",
							"textOffset": {
								"w": 30,
								"l": 56,
								"b": 10
							}
						}
					],

					"rateup": ["faruzan", "gorou", "yanfei"]
				},
				"weapons": {
					"bannerName": "epitome-invocation-39",
					"fatepointsystem": true,
					"featured": [
						{ "name": "tulaytullah_s-remembrance" },
						{ "name": "redhorn-stonethresher" }
					],
					"rateup": [
						"eye-of-perception",
						"favonius-warbow",
						"wavebreaker_s-fin",
						"favonius-greatsword",
						"sacrificial-sword"
					],
					"textOffset": {
						"featured": { "l": 42.5, "t": 65, "w": 30.5 },
						"rateup": { "l": 78, "w": 18, "b": 26 }
					}
				}
			}
		},
		{
			"phase": 2,
			"banners": {
				"standardVersion": 3,
				"events": {
					"featured": [
						{
							"bannerName": "reign-of-serenity-3",
							"character": "raiden-shogun",
							"textOffset": { "l": 47, "b": 8.5 }
						},
						{
							"bannerName": "azure-excursion-2",
							"character": "kamisato-ayato",
							"textOffset": { "l": 47, "b": 8.5 }
						}
					],

					"rateup": ["rosaria", "sayu", "kujou-sara"]
				},
				"weapons": {
					"bannerName": "epitome-invocation-40",
					"fatepointsystem": true,
					"featured": [{ "name": "engulfing-lightning" }, { "name": "haran-geppaku-futsu" }],
					"rateup": [
						"akuoumaru",
						"favonius-lance",
						"lion_s-roar",
						"mouun_s-moon",
						"sacrificial-fragments"
					],
					"textOffset": {
						"featured": { "w": 34, "l": 35.5, "t": 67.5 },
						"rateup": { "l": 75, "b": 19 }
					}
				}
			}
		}
	]
}

