{
	"patch": 3.4,
	"data": [
		{
			"phase": 1,
			"banners": {
				"standardVersion": 3,
				"events": {
					"featured": [
						{
							"bannerName": "caution-in-confidence-1",
							"character": "alhaitham",
							"textOffset": { "l": 48.5 }
						},
						{
							"bannerName": "invitation-to-mundane-life-4",
							"character": "xiao",
							"textOffset": { "l": 48.5 }
						}
					],
					"rateup": ["yaoyao", "xinyan", "yun-jin"]
				},
				"weapons": {
					"bannerName": "epitome-invocation-41",
					"fatepointsystem": true,
					"featured": [
						{ "name": "light-of-foliar-incision" },
						{ "name": "primordial-jade-winged-spear", "buttonPosition": { "l": 60 } }
					],
					"rateup": ["lithic-spear", "the-widsith", "the-flute", "rainslasher", "sacrificial-bow"],
					"textOffset": {
						"featured": { "l": 38.5, "t": 62, "w": 30.5 },
						"rateup": { "l": 72.5, "b": 22.5 }
					}
				}
			}
		},
		{
			"phase": 2,
			"banners": {
				"standardVersion": 3,
				"events": {
					"featured": [
						{
							"bannerName": "moment-of-bloom-3",
							"character": "hu-tao",
							"textOffset": { "l": 51 }
						},
						{
							"bannerName": "discerner-of-enigmas-2",
							"character": "yelan",
							"textOffset": { "l": 51 }
						}
					],

					"rateup": ["xingqiu", "ningguang", "beidou"]
				},
				"weapons": {
					"bannerName": "epitome-invocation-42",
					"fatepointsystem": true,
					"featured": [{ "name": "staff-of-homa" }, { "name": "aqua-simulacra" }],
					"rateup": ["lithic-blade", "rust", "favonius-sword", "favonius-codex", "dragon_s-bane"],
					"textOffset": {
						"featured": { "l": 38.5, "t": 67 },
						"rateup": { "l": 72.5, "b": 22.5 }
					}
				}
			}
		}
	]
}

