{
	"patch": 3.5,
	"data": [
		{
			"phase": 1,
			"banners": {
				"standardVersion": 3,
				"events": {
					"featured": [
						{
							"bannerName": "auric-blaze-1",
							"character": "dehya",
							"textOffset": { "l": 48.5 }
						},
						{
							"bannerName": "twilight-arbiter-2",
							"character": "cyno",
							"textOffset": { "l": 48.5 }
						}
					],
					"rateup": ["barbara", "collei", "bennett"]
				},
				"weapons": {
					"bannerName": "epitome-invocation-43",
					"fatepointsystem": true,
					"featured": [
						{ "name": "beacon-of-the-reed-sea" },
						{ "name": "staff-of-the-scarlet-sands" }
					],
					"rateup": [
						"the-alley-flash",
						"alley-hunter",
						"dragon_s-bane",
						"eye-of-perception",
						"sacrificial-greatsword"
					],
					"textOffset": {
						"featured": { "l": 34.5, "t": 67, "w": 30.5 },
						"rateup": { "l": 72.5, "b": 24 }
					}
				}
			}
		},
		{
			"phase": 2,
			"banners": {
				"standardVersion": 3,
				"events": {
					"featured": [
						{
							"bannerName": "the-transcendent-one-returns-2",
							"character": "shenhe",
							"textOffset": {
								"t": 67,
								"l": 50.5
							}
						},
						{
							"bannerName": "the-heron_s-court-3",
							"character": "kamisato-ayaka",
							"textOffset": { "l": 48.5 }
						}
					],

					"rateup": ["diona", "sucrose", "mika"]
				},
				"weapons": {
					"bannerName": "epitome-invocation-44",
					"fatepointsystem": true,
					"featured": [{ "name": "calamity-queller" }, { "name": "mistsplitter-reforged" }],
					"rateup": [
						"wine-and-song",
						"the-bell",
						"favonius-warbow",
						"sacrificial-sword",
						"favonius-lance"
					],
					"textOffset": {
						"featured": { "l": 38.5, "t": 67, "w": 30 },
						"rateup": { "l": 72.5, "b": 22.5 }
					}
				}
			}
		}
	]
}
