{
	"patch": 3.6,
	"data": [
		{
			"phase": 1,
			"banners": {
				"standardVersion": 4,
				"events": {
					"featured": [
						{
							"bannerName": "the-moongrass-enlightenment-2",
							"character": "nahida",
							"textOffset": { "l": 50.5, "b": 10 }
						},
						{
							"bannerName": "twirling-lotus-2",
							"character": "nilou",
							"textOffset": { "l": 50.5, "b": 10.5 }
						}
					],

					"rateup": ["dori", "kuki-shinobu", "layla"]
				},
				"weapons": {
					"bannerName": "epitome-invocation-45",
					"fatepointsystem": true,
					"featured": [{ "name": "key-of-khaj-nisut" }, { "name": "a-thousand-floating-dreams" }],
					"rateup": [
						"xiphos-moonlight",
						"the-stringless",
						"dragon_s-bane",
						"favonius-greatsword",
						"sacrificial-fragments"
					],
					"textOffset": {
						"featured": { "l": 52.5, "t": 71, "w": 23 },
						"rateup": { "l": 74.5, "b": 19 }
					}
				}
			}
		},
		{
			"phase": 2,
			"banners": {
				"standardVersion": 4,
				"events": {
					"featured": [
						{
							"bannerName": "immaculate-pulse-1",
							"character": "baizhu",
							"textOffset": { "l": 50.5, "b": 9 }
						},
						{
							"bannerName": "adrift-in-the-harbor-4",
							"character": "ganyu",
							"textOffset": { "l": 50.5, "b": 10.5 }
						}
					],

					"rateup": ["kaveh", "candace", "fischl"]
				},
				"weapons": {
					"bannerName": "epitome-invocation-46",
					"fatepointsystem": true,
					"featured": [{ "name": "amos-bow" }, { "name": "jadefall-splendor" }],
					"rateup": [
						"makhaira-aquamarine",
						"wandering-evenstar",
						"lion_s-roar",
						"favonius-lance",
						"sacrificial-bow"
					],
					"textOffset": {
						"featured": { "l": 50, "t": 73 },
						"rateup": { "l": 74, "b": 19 }
					}
				}
			}
		}
	]
}
