{
	"patch": 3.8,
	"data": [
		{
			"phase": 1,
			"banners": {
				"standardVersion": 4,
				"events": {
					"featured": [
						{
							"bannerName": "born-of-ocean-swell-3",
							"character": "eula",
							"textOffset": { "l": 50, "b": 10.5 }
						},
						{
							"bannerName": "sparkling-steps-4",
							"character": "klee",
							"textOffset": { "l": 50, "b": 11.5 }
						}
					],

					"rateup": ["mika", "thoma", "razor"]
				},
				"weapons": {
					"bannerName": "epitome-invocation-49",
					"fatepointsystem": true,
					"featured": [
						{ "name": "song-of-broken-pines" },
						{
							"name": "lost-prayer-to-the-sacred-winds",
							"buttonPosition": { "l": 70, "t": 65 }
						}
					],
					"rateup": [
						"the-alley-flash",
						"alley-hunter",
						"eye-of-perception",
						"favonius-lance",
						"rainslasher"
					],
					"textOffset": {
						"featured": { "l": 49, "t": 71.5, "w": 23 },
						"rateup": { "l": 79, "b": 20.5 }
					}
				}
			}
		},
		{
			"phase": 2,
			"banners": {
				"standardVersion": 4,
				"events": {
					"featured": [
						{
							"bannerName": "drifting-luminescence-4",
							"character": "sangonomiya-kokomi",
							"textOffset": { "l": 50, "b": 10.5 }
						},
						{
							"bannerName": "from-ashes-reborn-2",
							"character": "wanderer",
							"textOffset": { "l": 50, "b": 11.5 }
						}
					],

					"rateup": ["yanfei", "rosaria", "faruzan"]
				},
				"weapons": {
					"bannerName": "epitome-invocation-50",
					"fatepointsystem": true,
					"featured": [{ "name": "everlasting-moonglow" }, { "name": "tulaytullah_s-remembrance" }],
					"rateup": [
						"wine-and-song",
						"the-bell",
						"dragon_s-bane",
						"favonius-warbow",
						"lion_s-roar"
					],
					"textOffset": {
						"featured": { "l": 46, "t": 71.5, "w": 25 },
						"rateup": { "l": 79, "b": 20.5 }
					}
				}
			}
		}
	]
}
