{
	"patch": 4.1,
	"data": [
		{
			"phase": 1,
			"banners": {
				"standardVersion": 4,
				"events": {
					"featured": [
						{
							"bannerName": "decree-of-the-deeps-1",
							"character": "neuvillette",
							"textOffset": { "l": 50.5, "b": 10.7 }
						},
						{
							"bannerName": "moment-of-bloom-4",
							"character": "hu-tao",
							"textOffset": { "l": 50.5, "b": 10.7 }
						}
					],
					"rateup": ["xingqiu", "diona", "fischl"]
				},
				"weapons": {
					"bannerName": "epitome-invocation-53",
					"fatepointsystem": true,
					"featured": [
						{ "name": "tome-of-the-eternal-flow" },
						{ "name": "staff-of-homa", "buttonPosition": { "l": 70 } }
					],
					"rateup": [
						"the-dockhands-assistant",
						"portable-power-saw",
						"mitternachts-waltz",
						"favonius-lance",
						"favonius-codex"
					],
					"textOffset": {
						"featured": { "l": 47, "t": 71, "w": 29 },
						"rateup": { "l": 76, "b": 17 }
					}
				}
			}
		},
		{
			"phase": 2,
			"banners": {
				"standardVersion": 4,
				"events": {
					"featured": [
						{
							"bannerName": "tempestuous-destiny-1",
							"character": "wriothesley",
							"textOffset": { "l": 48.5 }
						},
						{
							"bannerName": "ballad-in-goblets-5",
							"character": "venti",
							"textOffset": { "l": 48.5 }
						}
					],
					"rateup": ["dori", "thoma", "chongyun"]
				},
				"weapons": {
					"bannerName": "epitome-invocation-54",
					"fatepointsystem": true,
					"featured": [
						{ "name": "cashflow-supervision" },
						{ "name": "elegy-for-the-end", "buttonPosition": { "l": 70 } }
					],
					"rateup": [
						"prospector-drill",
						"range-gauge",
						"rainslasher",
						"favonius-sword",
						"eye-of-perception"
					],
					"textOffset": {
						"featured": { "l": 41.5, "t": 66, "w": 29 },
						"rateup": { "l": 75, "b": 26 }
					}
				}
			}
		}
	]
}

