{
	"patch": 4.3,
	"data": [
		{
			"phase": 1,
			"banners": {
				"standardVersion": 4,
				"events": {
					"featured": [
						{
							"bannerName": "in-the-name-of-the-rosula-1",
							"character": "navia",
							"textOffset": { "l": 50, "b": 10.75 }
						},
						{
							"bannerName": "the-heron_s-court-4",
							"character": "kamisato-ayaka",
							"textOffset": { "l": 51, "b": 10 }
						}
					],
					"rateup": ["candace", "rosaria", "sucrose"]
				},
				"weapons": {
					"bannerName": "epitome-invocation-57",
					"fatepointsystem": true,
					"featured": [
						{ "name": "verdict" },
						{ "name": "mistsplitter-reforged", "buttonPosition": { "l": 60 } }
					],
					"rateup": ["akuoumaru", "mouun_s-moon", "the-flute", "favonius-codex", "dragon_s-bane"],
					"textOffset": {
						"featured": { "l": 47, "t": 70, "w": 29 },
						"rateup": { "l": 79, "b": 20 }
					}
				}
			}
		}
	]
}
